date,state,fips,cases,deaths,new cases
3/6/2020,Hawaii,15,1,0,1
3/7/2020,Hawaii,15,1,0,0
3/8/2020,Hawaii,15,2,0,1
3/9/2020,Hawaii,15,2,0,0
3/10/2020,Hawaii,15,2,0,0
3/11/2020,Hawaii,15,2,0,0
3/12/2020,Hawaii,15,2,0,0
3/13/2020,Hawaii,15,2,0,0
3/14/2020,Hawaii,15,4,0,2
3/15/2020,Hawaii,15,7,0,3
3/16/2020,Hawaii,15,10,0,3
3/17/2020,Hawaii,15,14,0,4
3/18/2020,Hawaii,15,16,0,2
3/19/2020,Hawaii,15,26,0,10
3/20/2020,Hawaii,15,37,0,11
3/21/2020,Hawaii,15,48,0,11
3/22/2020,Hawaii,15,56,0,8
3/23/2020,Hawaii,15,77,0,21
3/24/2020,Hawaii,15,90,0,13
3/25/2020,Hawaii,15,95,0,5
3/26/2020,Hawaii,15,106,0,11
3/27/2020,Hawaii,15,120,0,14
3/28/2020,Hawaii,15,151,0,31
3/29/2020,Hawaii,15,175,0,24
3/30/2020,Hawaii,15,204,0,29
3/31/2020,Hawaii,15,224,1,20
4/1/2020,Hawaii,15,258,1,34
4/2/2020,Hawaii,15,283,2,25
4/3/2020,Hawaii,15,317,3,34
4/4/2020,Hawaii,15,349,3,32
4/5/2020,Hawaii,15,369,4,20
4/6/2020,Hawaii,15,385,5,16
4/7/2020,Hawaii,15,408,5,23
4/8/2020,Hawaii,15,433,5,25
4/9/2020,Hawaii,15,440,6,7
4/10/2020,Hawaii,15,463,8,23
4/11/2020,Hawaii,15,484,8,21
4/12/2020,Hawaii,15,497,9,13
4/13/2020,Hawaii,15,502,9,5
4/14/2020,Hawaii,15,511,9,9
4/15/2020,Hawaii,15,524,9,13
4/16/2020,Hawaii,15,535,9,11
4/17/2020,Hawaii,15,547,9,12
4/18/2020,Hawaii,15,568,9,21
4/19/2020,Hawaii,15,574,10,6
4/20/2020,Hawaii,15,578,10,4
4/21/2020,Hawaii,15,580,12,2
4/22/2020,Hawaii,15,586,12,6
4/23/2020,Hawaii,15,590,12,4
4/24/2020,Hawaii,15,595,13,5
4/25/2020,Hawaii,15,597,14,2
4/26/2020,Hawaii,15,599,14,2
4/27/2020,Hawaii,15,600,16,1
4/28/2020,Hawaii,15,602,16,2
4/29/2020,Hawaii,15,605,16,3
4/30/2020,Hawaii,15,609,16,4
5/1/2020,Hawaii,15,610,16,1
5/2/2020,Hawaii,15,611,16,1
5/3/2020,Hawaii,15,611,17,0
5/4/2020,Hawaii,15,612,17,1
5/5/2020,Hawaii,15,615,17,3
5/6/2020,Hawaii,15,616,17,1
5/7/2020,Hawaii,15,619,17,3
5/8/2020,Hawaii,15,619,17,0
5/9/2020,Hawaii,15,620,17,1
5/10/2020,Hawaii,15,621,17,1
5/11/2020,Hawaii,15,623,17,2
5/12/2020,Hawaii,15,624,17,1
5/13/2020,Hawaii,15,627,17,3
5/14/2020,Hawaii,15,627,17,0
5/15/2020,Hawaii,15,628,17,1
5/16/2020,Hawaii,15,629,17,1
5/17/2020,Hawaii,15,630,17,1
5/18/2020,Hawaii,15,630,17,0
5/19/2020,Hawaii,15,631,17,1
5/20/2020,Hawaii,15,633,17,2
5/21/2020,Hawaii,15,637,17,4
5/22/2020,Hawaii,15,632,17,-5
5/23/2020,Hawaii,15,633,17,1
5/24/2020,Hawaii,15,633,17,0
5/25/2020,Hawaii,15,633,17,0
5/26/2020,Hawaii,15,633,17,0
5/27/2020,Hawaii,15,634,17,1
5/28/2020,Hawaii,15,637,17,3
5/29/2020,Hawaii,15,639,17,2
5/30/2020,Hawaii,15,641,17,2
5/31/2020,Hawaii,15,642,17,1
6/1/2020,Hawaii,15,642,17,0
6/2/2020,Hawaii,15,643,17,1
6/3/2020,Hawaii,15,643,17,0
6/4/2020,Hawaii,15,644,17,1
6/5/2020,Hawaii,15,653,17,9
6/6/2020,Hawaii,15,661,17,8
6/7/2020,Hawaii,15,663,17,2
6/8/2020,Hawaii,15,664,17,1
6/9/2020,Hawaii,15,670,17,6
6/10/2020,Hawaii,15,673,17,3
6/11/2020,Hawaii,15,680,17,7
6/12/2020,Hawaii,15,694,17,14
6/13/2020,Hawaii,15,711,17,17
6/14/2020,Hawaii,15,716,17,5
6/15/2020,Hawaii,15,724,17,8
6/16/2020,Hawaii,15,728,17,4
6/17/2020,Hawaii,15,732,17,4
6/18/2020,Hawaii,15,750,17,18
6/19/2020,Hawaii,15,777,17,27
6/20/2020,Hawaii,15,791,17,14
6/21/2020,Hawaii,15,802,17,11
6/22/2020,Hawaii,15,804,17,2
6/23/2020,Hawaii,15,807,17,3
6/24/2020,Hawaii,15,821,17,14
6/25/2020,Hawaii,15,836,17,15
6/26/2020,Hawaii,15,850,17,14
6/27/2020,Hawaii,15,856,18,6
6/28/2020,Hawaii,15,883,18,27
6/29/2020,Hawaii,15,884,18,1
6/30/2020,Hawaii,15,901,18,17
7/1/2020,Hawaii,15,909,18,8
7/2/2020,Hawaii,15,929,18,20
7/3/2020,Hawaii,15,957,19,28
7/4/2020,Hawaii,15,981,19,24
7/5/2020,Hawaii,15,1005,19,24
7/6/2020,Hawaii,15,1012,19,7
7/7/2020,Hawaii,15,1053,19,41
7/8/2020,Hawaii,15,1076,19,23
7/9/2020,Hawaii,15,1112,19,36
7/10/2020,Hawaii,15,1139,19,27
7/11/2020,Hawaii,15,1181,19,42
7/12/2020,Hawaii,15,1201,19,20
7/13/2020,Hawaii,15,1222,21,21
7/14/2020,Hawaii,15,1243,21,21
7/15/2020,Hawaii,15,1271,21,28
7/16/2020,Hawaii,15,1290,21,19
7/17/2020,Hawaii,15,1312,22,22
7/18/2020,Hawaii,15,1332,23,20
7/19/2020,Hawaii,15,1359,23,27
7/20/2020,Hawaii,15,1371,23,12
7/21/2020,Hawaii,15,1396,23,25
7/22/2020,Hawaii,15,1413,24,17
7/23/2020,Hawaii,15,1468,25,55
7/24/2020,Hawaii,15,1526,25,58
7/25/2020,Hawaii,15,1597,25,71
7/26/2020,Hawaii,15,1660,25,63
7/27/2020,Hawaii,15,1688,25,28
7/28/2020,Hawaii,15,1734,25,46
7/29/2020,Hawaii,15,1842,25,108
7/30/2020,Hawaii,15,1966,25,124
7/31/2020,Hawaii,15,2088,25,122
8/1/2020,Hawaii,15,2174,25,86
8/2/2020,Hawaii,15,2219,25,45
8/3/2020,Hawaii,15,2425,25,206
8/4/2020,Hawaii,15,2568,26,143
8/5/2020,Hawaii,15,2740,26,172
8/6/2020,Hawaii,15,2891,28,151
8/7/2020,Hawaii,15,3092,30,201
8/8/2020,Hawaii,15,3323,30,231
8/9/2020,Hawaii,15,3475,30,152
8/10/2020,Hawaii,15,3615,33,140
8/11/2020,Hawaii,15,3733,35,118
8/12/2020,Hawaii,15,3935,37,202
8/13/2020,Hawaii,15,4289,39,354
8/14/2020,Hawaii,15,4520,39,231
8/15/2020,Hawaii,15,4802,39,282
8/16/2020,Hawaii,15,5019,39,217
8/17/2020,Hawaii,15,5192,39,173
8/18/2020,Hawaii,15,5326,40,134
8/19/2020,Hawaii,15,5586,41,260
8/20/2020,Hawaii,15,5821,44,235
8/21/2020,Hawaii,15,6049,45,228
8/22/2020,Hawaii,15,6333,46,284
8/23/2020,Hawaii,15,6577,46,244
8/24/2020,Hawaii,15,6746,48,169
8/25/2020,Hawaii,15,6961,48,215
8/26/2020,Hawaii,15,7236,50,275
8/27/2020,Hawaii,15,7542,54,306
8/28/2020,Hawaii,15,7806,58,264
8/29/2020,Hawaii,15,8115,61,309
8/30/2020,Hawaii,15,8315,62,200
8/31/2020,Hawaii,15,8447,69,132
9/1/2020,Hawaii,15,8628,73,181
9/2/2020,Hawaii,15,8966,74,338
9/3/2020,Hawaii,15,9177,78,211
9/4/2020,Hawaii,15,9448,80,271
9/5/2020,Hawaii,15,9667,83,219
9/6/2020,Hawaii,15,9829,84,162
9/7/2020,Hawaii,15,9933,85,104
9/8/2020,Hawaii,15,10130,87,197
9/9/2020,Hawaii,15,10228,90,98
9/10/2020,Hawaii,15,10397,93,169
9/11/2020,Hawaii,15,10567,95,170
9/12/2020,Hawaii,15,10696,96,129
9/13/2020,Hawaii,15,10808,98,112
9/14/2020,Hawaii,15,10887,98,79
9/15/2020,Hawaii,15,10951,99,64
9/16/2020,Hawaii,15,11052,102,101
9/17/2020,Hawaii,15,11211,106,159
9/18/2020,Hawaii,15,11348,119,137
9/19/2020,Hawaii,15,11457,119,109
9/20/2020,Hawaii,15,11534,119,77
9/21/2020,Hawaii,15,11590,119,56
9/22/2020,Hawaii,15,11653,119,63
9/23/2020,Hawaii,15,11820,121,167
9/24/2020,Hawaii,15,11908,123,88
9/25/2020,Hawaii,15,12039,126,131
9/26/2020,Hawaii,15,12166,130,127
9/27/2020,Hawaii,15,12264,131,98
9/28/2020,Hawaii,15,12351,131,87
9/29/2020,Hawaii,15,12436,133,85
9/30/2020,Hawaii,15,12555,135,119
10/1/2020,Hawaii,15,12660,138,105
10/2/2020,Hawaii,15,12754,141,94
10/3/2020,Hawaii,15,12887,152,133
10/4/2020,Hawaii,15,12957,155,70
10/5/2020,Hawaii,15,13007,156,50
10/6/2020,Hawaii,15,13090,159,83
10/7/2020,Hawaii,15,13196,162,106
10/8/2020,Hawaii,15,13297,163,101
10/9/2020,Hawaii,15,13461,165,164
10/10/2020,Hawaii,15,13532,167,71
10/11/2020,Hawaii,15,13633,168,101
10/12/2020,Hawaii,15,13675,168,42
10/13/2020,Hawaii,15,13736,172,61
10/14/2020,Hawaii,15,13834,182,98
10/15/2020,Hawaii,15,13922,183,88
10/16/2020,Hawaii,15,14007,184,85
10/17/2020,Hawaii,15,14101,185,94
10/18/2020,Hawaii,15,14183,186,82
10/19/2020,Hawaii,15,14218,186,35
10/20/2020,Hawaii,15,14302,188,84
10/21/2020,Hawaii,15,14379,202,77
10/22/2020,Hawaii,15,14478,205,99
10/23/2020,Hawaii,15,14617,208,139
10/24/2020,Hawaii,15,14706,211,89
10/25/2020,Hawaii,15,14823,211,117
10/26/2020,Hawaii,15,14858,211,35
10/27/2020,Hawaii,15,14920,214,62
10/28/2020,Hawaii,15,14975,212,55
10/29/2020,Hawaii,15,15046,214,71
10/30/2020,Hawaii,15,15145,215,99
10/31/2020,Hawaii,15,15207,218,62
11/1/2020,Hawaii,15,15287,218,80
11/2/2020,Hawaii,15,15359,218,72
11/3/2020,Hawaii,15,15441,218,82
11/4/2020,Hawaii,15,15591,218,150
11/5/2020,Hawaii,15,15683,218,92
11/6/2020,Hawaii,15,15816,218,133
11/7/2020,Hawaii,15,15939,219,123
11/8/2020,Hawaii,15,16066,220,127
11/9/2020,Hawaii,15,16124,220,58
11/10/2020,Hawaii,15,16193,221,69
11/11/2020,Hawaii,15,16309,221,116
11/12/2020,Hawaii,15,16403,221,94
11/13/2020,Hawaii,15,16514,221,111
11/14/2020,Hawaii,15,16619,221,105
11/15/2020,Hawaii,15,16619,221,0
11/16/2020,Hawaii,15,16711,221,92
11/17/2020,Hawaii,15,16755,221,44
11/18/2020,Hawaii,15,16817,222,62
11/19/2020,Hawaii,15,16917,222,100
11/20/2020,Hawaii,15,17029,222,112
11/21/2020,Hawaii,15,17182,229,153
11/22/2020,Hawaii,15,17302,231,120
11/23/2020,Hawaii,15,17405,231,103
11/24/2020,Hawaii,15,17461,231,56
11/25/2020,Hawaii,15,17561,233,100
11/26/2020,Hawaii,15,17678,235,117
11/27/2020,Hawaii,15,17796,238,118
11/28/2020,Hawaii,15,17871,238,75
11/29/2020,Hawaii,15,17925,242,54
11/30/2020,Hawaii,15,18006,242,81
12/1/2020,Hawaii,15,18049,242,43
12/2/2020,Hawaii,15,18117,242,68
12/3/2020,Hawaii,15,18256,244,139
12/4/2020,Hawaii,15,18373,254,117
12/5/2020,Hawaii,15,18484,259,111
12/6/2020,Hawaii,15,18581,260,97
12/7/2020,Hawaii,15,18659,260,78
12/8/2020,Hawaii,15,18712,260,53
12/9/2020,Hawaii,15,18785,264,73
12/10/2020,Hawaii,15,18901,266,116
12/11/2020,Hawaii,15,19029,267,128
12/12/2020,Hawaii,15,19225,269,196
12/13/2020,Hawaii,15,19302,272,77
12/14/2020,Hawaii,15,19489,272,187
12/15/2020,Hawaii,15,19541,272,52
12/16/2020,Hawaii,15,19645,276,104
12/17/2020,Hawaii,15,19781,278,136
12/18/2020,Hawaii,15,19937,279,156
12/19/2020,Hawaii,15,20089,279,152
12/20/2020,Hawaii,15,20291,280,202
12/21/2020,Hawaii,15,20423,280,132
12/22/2020,Hawaii,15,20487,280,64
12/23/2020,Hawaii,15,20582,283,95
12/24/2020,Hawaii,15,20707,283,125
12/25/2020,Hawaii,15,20861,283,154
12/26/2020,Hawaii,15,20970,283,109
12/27/2020,Hawaii,15,21064,283,94
12/28/2020,Hawaii,15,21109,283,45
12/29/2020,Hawaii,15,21180,283,71
12/30/2020,Hawaii,15,21284,283,104
12/31/2020,Hawaii,15,21459,286,175
1/1/2021,Hawaii,15,21736,287,277
1/2/2021,Hawaii,15,21895,287,159
1/3/2021,Hawaii,15,22017,287,122
1/4/2021,Hawaii,15,22092,287,75
1/5/2021,Hawaii,15,22199,287,107
1/6/2021,Hawaii,15,22325,297,126
1/7/2021,Hawaii,15,22611,297,286
1/8/2021,Hawaii,15,22894,301,283
1/9/2021,Hawaii,15,23122,305,228
1/10/2021,Hawaii,15,23300,306,178
1/11/2021,Hawaii,15,23462,306,162
1/12/2021,Hawaii,15,23570,306,108
1/13/2021,Hawaii,15,23663,309,93
1/14/2021,Hawaii,15,23827,315,164
1/15/2021,Hawaii,15,24032,315,205
1/16/2021,Hawaii,15,24188,317,156
1/17/2021,Hawaii,15,24309,319,121
1/18/2021,Hawaii,15,24424,319,115
1/19/2021,Hawaii,15,24483,321,59
1/20/2021,Hawaii,15,24551,322,68
1/21/2021,Hawaii,15,24663,325,112
1/22/2021,Hawaii,15,24823,329,160
1/23/2021,Hawaii,15,24950,333,127
1/24/2021,Hawaii,15,25093,339,143
1/25/2021,Hawaii,15,25209,339,116
1/26/2021,Hawaii,15,25272,398,63
1/27/2021,Hawaii,15,25366,401,94
1/28/2021,Hawaii,15,25460,403,94
1/29/2021,Hawaii,15,25599,404,139
1/30/2021,Hawaii,15,25708,404,109
1/31/2021,Hawaii,15,25786,407,78
2/1/2021,Hawaii,15,25870,407,84
2/2/2021,Hawaii,15,25932,407,62
2/3/2021,Hawaii,15,26000,411,68
2/4/2021,Hawaii,15,26101,413,101
2/5/2021,Hawaii,15,26221,413,120
2/6/2021,Hawaii,15,26325,413,104
2/7/2021,Hawaii,15,26398,415,73
2/8/2021,Hawaii,15,26428,415,30
2/9/2021,Hawaii,15,26456,415,28
2/10/2021,Hawaii,15,26507,420,51
2/11/2021,Hawaii,15,26591,421,84
2/12/2021,Hawaii,15,26672,422,81
2/13/2021,Hawaii,15,26729,422,57
2/14/2021,Hawaii,15,26772,423,43
2/15/2021,Hawaii,15,26803,423,31
2/16/2021,Hawaii,15,26819,423,16
2/17/2021,Hawaii,15,26846,424,27
2/18/2021,Hawaii,15,26906,425,60
2/19/2021,Hawaii,15,26962,427,56
2/20/2021,Hawaii,15,27011,427,49
2/21/2021,Hawaii,15,27075,428,64
2/22/2021,Hawaii,15,27124,428,49
2/23/2021,Hawaii,15,27168,428,44
2/24/2021,Hawaii,15,27211,432,43
2/25/2021,Hawaii,15,27247,432,36
2/26/2021,Hawaii,15,27320,434,73
2/27/2021,Hawaii,15,27419,436,99
2/28/2021,Hawaii,15,27473,436,54
3/1/2021,Hawaii,15,27499,436,26
3/2/2021,Hawaii,15,27532,436,33
3/3/2021,Hawaii,15,27549,438,17
3/4/2021,Hawaii,15,27604,438,55
3/5/2021,Hawaii,15,27693,440,89
3/6/2021,Hawaii,15,27774,441,81
3/7/2021,Hawaii,15,27821,442,47
3/8/2021,Hawaii,15,27862,442,41
3/9/2021,Hawaii,15,27903,442,41
3/10/2021,Hawaii,15,27944,445,41
3/11/2021,Hawaii,15,27998,445,54
3/12/2021,Hawaii,15,28156,446,158
3/13/2021,Hawaii,15,28218,447,62
3/14/2021,Hawaii,15,28268,448,50
3/15/2021,Hawaii,15,28312,448,44
3/16/2021,Hawaii,15,28357,448,45
3/17/2021,Hawaii,15,28423,448,66
3/18/2021,Hawaii,15,28509,448,86
3/19/2021,Hawaii,15,28678,449,169
3/20/2021,Hawaii,15,28763,450,85
3/21/2021,Hawaii,15,28834,451,71
3/22/2021,Hawaii,15,28912,451,78
3/23/2021,Hawaii,15,28950,451,38
3/24/2021,Hawaii,15,29005,454,55
3/25/2021,Hawaii,15,29120,455,115
3/26/2021,Hawaii,15,29322,456,202
3/27/2021,Hawaii,15,29426,459,104
3/28/2021,Hawaii,15,29528,459,102
3/29/2021,Hawaii,15,29626,459,98
3/30/2021,Hawaii,15,29689,459,63
3/31/2021,Hawaii,15,29779,460,90
4/1/2021,Hawaii,15,29888,460,109
4/2/2021,Hawaii,15,30140,460,252
4/3/2021,Hawaii,15,30246,464,106
4/4/2021,Hawaii,15,30338,464,92
4/5/2021,Hawaii,15,30427,464,89
4/6/2021,Hawaii,15,30479,464,52
4/7/2021,Hawaii,15,30552,464,73
4/8/2021,Hawaii,15,30673,467,121
4/9/2021,Hawaii,15,30844,467,171
4/10/2021,Hawaii,15,30956,468,112
4/11/2021,Hawaii,15,31045,468,89
4/12/2021,Hawaii,15,31113,468,68
4/13/2021,Hawaii,15,31175,468,62
4/14/2021,Hawaii,15,31242,470,67
4/15/2021,Hawaii,15,31337,470,95
4/16/2021,Hawaii,15,31510,471,173
4/17/2021,Hawaii,15,31606,471,96
4/18/2021,Hawaii,15,31715,471,109
4/19/2021,Hawaii,15,31779,471,64
4/20/2021,Hawaii,15,31817,471,38
4/21/2021,Hawaii,15,31885,471,68
4/22/2021,Hawaii,15,31977,473,92
4/23/2021,Hawaii,15,32114,474,137
4/24/2021,Hawaii,15,32165,475,51
4/25/2021,Hawaii,15,32284,475,119
4/26/2021,Hawaii,15,32349,475,65
4/27/2021,Hawaii,15,32397,476,48
4/28/2021,Hawaii,15,32465,479,68
4/29/2021,Hawaii,15,32580,480,115
4/30/2021,Hawaii,15,32767,480,187
5/1/2021,Hawaii,15,32882,480,115
5/2/2021,Hawaii,15,32989,480,107
5/3/2021,Hawaii,15,33060,481,71
5/4/2021,Hawaii,15,33132,481,72
5/5/2021,Hawaii,15,33186,482,54
5/6/2021,Hawaii,15,33309,483,123
5/7/2021,Hawaii,15,33452,483,143
5/8/2021,Hawaii,15,33540,484,88
5/9/2021,Hawaii,15,33613,485,73
5/10/2021,Hawaii,15,33665,485,52
5/11/2021,Hawaii,15,33723,485,58
5/12/2021,Hawaii,15,33762,486,39
5/13/2021,Hawaii,15,33835,486,73
5/14/2021,Hawaii,15,33966,487,131
5/15/2021,Hawaii,15,34064,488,98
5/16/2021,Hawaii,15,34180,489,116
5/17/2021,Hawaii,15,34247,489,67
5/18/2021,Hawaii,15,34300,489,53
5/19/2021,Hawaii,15,34396,489,96
5/20/2021,Hawaii,15,34474,489,78
5/21/2021,Hawaii,15,34521,491,47
5/22/2021,Hawaii,15,34610,491,89
5/23/2021,Hawaii,15,34654,493,44
5/24/2021,Hawaii,15,34688,493,34
5/25/2021,Hawaii,15,34708,493,20
5/26/2021,Hawaii,15,34754,493,46
5/27/2021,Hawaii,15,34807,495,53
5/28/2021,Hawaii,15,34844,495,37
5/29/2021,Hawaii,15,34889,496,45
5/30/2021,Hawaii,15,35008,497,119
5/31/2021,Hawaii,15,35035,497,27
6/1/2021,Hawaii,15,35090,497,55
6/2/2021,Hawaii,15,35111,497,21
6/3/2021,Hawaii,15,35152,498,41
6/4/2021,Hawaii,15,35217,498,65
6/5/2021,Hawaii,15,35281,499,64
6/6/2021,Hawaii,15,35360,502,79
6/7/2021,Hawaii,15,35391,502,31
6/8/2021,Hawaii,15,35422,502,31
6/9/2021,Hawaii,15,35461,502,39
6/10/2021,Hawaii,15,35522,502,61
6/11/2021,Hawaii,15,35595,503,73
6/12/2021,Hawaii,15,35693,503,98
6/13/2021,Hawaii,15,35723,503,30
6/14/2021,Hawaii,15,35769,503,46
6/15/2021,Hawaii,15,35802,503,33
6/16/2021,Hawaii,15,35831,504,29
6/17/2021,Hawaii,15,35862,504,31
6/18/2021,Hawaii,15,35903,507,41
6/19/2021,Hawaii,15,35967,508,64
6/20/2021,Hawaii,15,36036,510,69
6/21/2021,Hawaii,15,36048,510,12
6/22/2021,Hawaii,15,36066,510,18
6/23/2021,Hawaii,15,36104,510,38
6/24/2021,Hawaii,15,36157,510,53
6/25/2021,Hawaii,15,36198,511,41
6/26/2021,Hawaii,15,36251,513,53
6/27/2021,Hawaii,15,36297,513,46
6/28/2021,Hawaii,15,36314,513,17
6/29/2021,Hawaii,15,36344,513,30
6/30/2021,Hawaii,15,36391,514,47
7/1/2021,Hawaii,15,36435,515,44
7/2/2021,Hawaii,15,36508,515,73
7/3/2021,Hawaii,15,36552,515,44
7/4/2021,Hawaii,15,36604,515,52
7/5/2021,Hawaii,15,36646,515,42
7/6/2021,Hawaii,15,36680,515,34
7/7/2021,Hawaii,15,36714,515,34
7/8/2021,Hawaii,15,36777,516,63
7/9/2021,Hawaii,15,36834,516,57
7/10/2021,Hawaii,15,36934,518,100
7/11/2021,Hawaii,15,37025,518,91
7/12/2021,Hawaii,15,37025,518,0
7/13/2021,Hawaii,15,37135,518,110
7/14/2021,Hawaii,15,37175,518,40
7/15/2021,Hawaii,15,37318,519,143
7/16/2021,Hawaii,15,37455,520,137
7/17/2021,Hawaii,15,37577,520,122
7/18/2021,Hawaii,15,37717,520,140
7/19/2021,Hawaii,15,37839,520,122
7/20/2021,Hawaii,15,37936,520,97
7/21/2021,Hawaii,15,38066,521,130
7/22/2021,Hawaii,15,38284,524,218
7/23/2021,Hawaii,15,38499,524,215
7/24/2021,Hawaii,15,38741,524,242
7/25/2021,Hawaii,15,39000,526,259
7/26/2021,Hawaii,15,39156,526,156
7/27/2021,Hawaii,15,39304,526,148
7/28/2021,Hawaii,15,39392,529,88
7/29/2021,Hawaii,15,39624,531,232
7/30/2021,Hawaii,15,40176,534,552
7/31/2021,Hawaii,15,40643,534,467
8/1/2021,Hawaii,15,41090,534,447
8/2/2021,Hawaii,15,41446,534,356
8/3/2021,Hawaii,15,41815,535,369
8/4/2021,Hawaii,15,42135,535,320
8/5/2021,Hawaii,15,42770,535,635
8/6/2021,Hawaii,15,43377,537,607
8/7/2021,Hawaii,15,43977,539,600
8/8/2021,Hawaii,15,44609,539,632
8/9/2021,Hawaii,15,45041,540,432
8/10/2021,Hawaii,15,45460,540,419
8/11/2021,Hawaii,15,45920,542,460
8/12/2021,Hawaii,15,46463,543,543
8/13/2021,Hawaii,15,47612,544,1149
8/14/2021,Hawaii,15,48376,545,764
8/15/2021,Hawaii,15,49205,549,829
8/16/2021,Hawaii,15,49727,549,522
8/17/2021,Hawaii,15,50180,549,453
8/18/2021,Hawaii,15,50821,551,641
8/19/2021,Hawaii,15,51565,555,744
8/20/2021,Hawaii,15,52401,559,836
8/21/2021,Hawaii,15,53153,560,752
8/22/2021,Hawaii,15,54038,561,885
8/23/2021,Hawaii,15,54608,561,570
8/24/2021,Hawaii,15,55165,562,557
8/25/2021,Hawaii,15,55668,570,503
8/26/2021,Hawaii,15,56492,570,824
8/27/2021,Hawaii,15,57509,579,1017
8/28/2021,Hawaii,15,58436,584,927
8/29/2021,Hawaii,15,60094,586,1658
8/30/2021,Hawaii,15,60808,586,714
8/31/2021,Hawaii,15,61353,586,545
9/1/2021,Hawaii,15,61800,599,447
9/2/2021,Hawaii,15,62860,603,1060
9/3/2021,Hawaii,15,63722,610,862
9/4/2021,Hawaii,15,64597,611,875
9/5/2021,Hawaii,15,65315,621,718
9/6/2021,Hawaii,15,66057,623,742
9/7/2021,Hawaii,15,66554,623,497
9/8/2021,Hawaii,15,66925,623,371
9/9/2021,Hawaii,15,67346,630,421
9/10/2021,Hawaii,15,68087,638,741
9/11/2021,Hawaii,15,68916,650,829
9/12/2021,Hawaii,15,69629,657,713
9/13/2021,Hawaii,15,70083,657,454
9/14/2021,Hawaii,15,70504,657,421
9/15/2021,Hawaii,15,70991,668,487
9/16/2021,Hawaii,15,71570,676,579
9/17/2021,Hawaii,15,72137,691,567
9/18/2021,Hawaii,15,72687,699,550
9/19/2021,Hawaii,15,73148,711,461
9/20/2021,Hawaii,15,73567,711,419
9/21/2021,Hawaii,15,73841,711,274
9/22/2021,Hawaii,15,74169,723,328
9/23/2021,Hawaii,15,74606,735,437
9/24/2021,Hawaii,15,74997,744,391
9/25/2021,Hawaii,15,75391,744,394
9/26/2021,Hawaii,15,75758,754,367
9/27/2021,Hawaii,15,76006,754,248
9/28/2021,Hawaii,15,76243,754,237
9/29/2021,Hawaii,15,76457,767,214
9/30/2021,Hawaii,15,76784,779,327
10/1/2021,Hawaii,15,77143,786,359
10/2/2021,Hawaii,15,77412,798,269
10/3/2021,Hawaii,15,77688,805,276
10/4/2021,Hawaii,15,77876,808,188
10/5/2021,Hawaii,15,77963,808,87
10/6/2021,Hawaii,15,78127,815,164
10/7/2021,Hawaii,15,78405,823,278
10/8/2021,Hawaii,15,78597,830,192
10/9/2021,Hawaii,15,78786,834,189
10/10/2021,Hawaii,15,78986,838,200
10/11/2021,Hawaii,15,79093,842,107
10/12/2021,Hawaii,15,79142,842,49
10/13/2021,Hawaii,15,79255,848,113
10/14/2021,Hawaii,15,79411,854,156
10/15/2021,Hawaii,15,79562,859,151
10/16/2021,Hawaii,15,79697,863,135
10/17/2021,Hawaii,15,79832,869,135
10/18/2021,Hawaii,15,79941,873,109
10/19/2021,Hawaii,15,80005,873,64
10/20/2021,Hawaii,15,80139,873,134
10/21/2021,Hawaii,15,80281,877,142
10/22/2021,Hawaii,15,80399,880,118
10/23/2021,Hawaii,15,80569,882,170
10/24/2021,Hawaii,15,80722,885,153
10/25/2021,Hawaii,15,80807,885,85
10/26/2021,Hawaii,15,80876,885,69
10/27/2021,Hawaii,15,81051,886,175
10/28/2021,Hawaii,15,81168,888,117
10/29/2021,Hawaii,15,81311,893,143
10/30/2021,Hawaii,15,81461,903,150
10/31/2021,Hawaii,15,81586,913,125
11/1/2021,Hawaii,15,81650,913,64
11/2/2021,Hawaii,15,81689,913,39
11/3/2021,Hawaii,15,81850,916,161
11/4/2021,Hawaii,15,81960,929,110
11/5/2021,Hawaii,15,82071,941,111
11/6/2021,Hawaii,15,82159,947,88
11/7/2021,Hawaii,15,82282,959,123
11/8/2021,Hawaii,15,82379,959,97
11/9/2021,Hawaii,15,82454,959,75
11/10/2021,Hawaii,15,82582,965,128
11/11/2021,Hawaii,15,82710,968,128
11/12/2021,Hawaii,15,82836,973,126
11/13/2021,Hawaii,15,82914,973,78
11/14/2021,Hawaii,15,82986,974,72
11/15/2021,Hawaii,15,83079,974,93
11/16/2021,Hawaii,15,83137,974,58
11/17/2021,Hawaii,15,83270,982,133
11/18/2021,Hawaii,15,83486,989,216
11/19/2021,Hawaii,15,83684,995,198
11/20/2021,Hawaii,15,83896,999,212
11/21/2021,Hawaii,15,83992,999,96
11/22/2021,Hawaii,15,84084,999,92
11/23/2021,Hawaii,15,84135,999,51
11/24/2021,Hawaii,15,84239,1005,104
11/25/2021,Hawaii,15,84315,1011,76
11/26/2021,Hawaii,15,84334,1012,19
11/27/2021,Hawaii,15,84466,1012,132
11/28/2021,Hawaii,15,84615,1015,149
11/29/2021,Hawaii,15,84685,1015,70
11/30/2021,Hawaii,15,84760,1015,75
12/1/2021,Hawaii,15,84848,1023,88
12/2/2021,Hawaii,15,84968,1024,120
12/3/2021,Hawaii,15,85086,1025,118
12/4/2021,Hawaii,15,85203,1029,117
12/5/2021,Hawaii,15,85330,1030,127
12/6/2021,Hawaii,15,85413,1030,83
12/7/2021,Hawaii,15,85464,1030,51
12/8/2021,Hawaii,15,85536,1036,72
12/9/2021,Hawaii,15,85676,1037,140
12/10/2021,Hawaii,15,85833,1042,157
12/11/2021,Hawaii,15,86016,1050,183
12/12/2021,Hawaii,15,86225,1055,209
12/13/2021,Hawaii,15,86372,1055,147
12/14/2021,Hawaii,15,86579,1055,207
12/15/2021,Hawaii,15,86857,1060,278
12/16/2021,Hawaii,15,87241,1062,384
12/17/2021,Hawaii,15,88019,1064,778
12/18/2021,Hawaii,15,88717,1067,698
12/19/2021,Hawaii,15,89675,1069,958
12/20/2021,Hawaii,15,90510,1069,835
12/21/2021,Hawaii,15,91202,1069,692
12/22/2021,Hawaii,15,92157,1071,955
12/23/2021,Hawaii,15,93646,1074,1489
12/24/2021,Hawaii,15,95454,1075,1808
12/25/2021,Hawaii,15,97022,1079,1568
12/26/2021,Hawaii,15,99199,1079,2177
12/27/2021,Hawaii,15,100559,1079,1360
12/28/2021,Hawaii,15,101371,1079,812
12/29/2021,Hawaii,15,102925,1082,1554
12/30/2021,Hawaii,15,106350,1082,3425
12/31/2021,Hawaii,15,109576,1087,3226
1/1/2022,Hawaii,15,112283,1091,2707
1/2/2022,Hawaii,15,115400,1091,3117
1/3/2022,Hawaii,15,118330,1091,2930
1/4/2022,Hawaii,15,119830,1091,1500
1/5/2022,Hawaii,15,122385,1091,2555
1/6/2022,Hawaii,15,127085,1095,4700
1/7/2022,Hawaii,15,130605,1098,3520
1/8/2022,Hawaii,15,134753,1099,4148
1/9/2022,Hawaii,15,139262,1102,4509
1/10/2022,Hawaii,15,143089,1102,3827
1/11/2022,Hawaii,15,146000,1102,2911
1/12/2022,Hawaii,15,149460,1107,3460
1/13/2022,Hawaii,15,152811,1111,3351
1/14/2022,Hawaii,15,155839,1114,3028
1/15/2022,Hawaii,15,161766,1120,5927
1/16/2022,Hawaii,15,165622,1123,3856
1/17/2022,Hawaii,15,170259,1123,4637
1/18/2022,Hawaii,15,176439,1123,6180
1/19/2022,Hawaii,15,180337,1123,3898
1/20/2022,Hawaii,15,186148,1132,5811
1/21/2022,Hawaii,15,190551,1134,4403
1/22/2022,Hawaii,15,194451,1139,3900
1/23/2022,Hawaii,15,197582,1143,3131
1/24/2022,Hawaii,15,200209,1143,2627
1/25/2022,Hawaii,15,202064,1143,1855
1/26/2022,Hawaii,15,204085,1146,2021
1/27/2022,Hawaii,15,206405,1156,2320
1/28/2022,Hawaii,15,208253,1161,1848
1/29/2022,Hawaii,15,210085,1170,1832
1/30/2022,Hawaii,15,212768,1177,2683
1/31/2022,Hawaii,15,214249,1178,1481
2/1/2022,Hawaii,15,215303,1178,1054
2/2/2022,Hawaii,15,216412,1188,1109
2/3/2022,Hawaii,15,217895,1191,1483
2/4/2022,Hawaii,15,219059,1201,1164
2/5/2022,Hawaii,15,220275,1219,1216
2/6/2022,Hawaii,15,221173,1223,898
2/7/2022,Hawaii,15,221983,1223,810
2/8/2022,Hawaii,15,222504,1223,521
2/9/2022,Hawaii,15,222974,1230,470
2/10/2022,Hawaii,15,224138,1236,1164
2/11/2022,Hawaii,15,224833,1244,695
2/12/2022,Hawaii,15,225523,1255,690
2/13/2022,Hawaii,15,226027,1259,504
2/14/2022,Hawaii,15,226510,1259,483
2/15/2022,Hawaii,15,226798,1259,288
2/16/2022,Hawaii,15,226992,1271,194
2/17/2022,Hawaii,15,227602,1287,610
2/18/2022,Hawaii,15,228073,1289,471
2/19/2022,Hawaii,15,228425,1297,352
2/20/2022,Hawaii,15,228735,1301,310
2/21/2022,Hawaii,15,228934,1301,199
2/22/2022,Hawaii,15,229083,1301,149
2/23/2022,Hawaii,15,229199,1301,116
2/24/2022,Hawaii,15,229477,1309,278
2/25/2022,Hawaii,15,229771,1318,294
2/26/2022,Hawaii,15,230097,1327,326
2/27/2022,Hawaii,15,230317,1331,220
2/28/2022,Hawaii,15,230458,1331,141
3/1/2022,Hawaii,15,230575,1331,117
3/2/2022,Hawaii,15,230714,1338,139
3/3/2022,Hawaii,15,231006,1341,292
3/4/2022,Hawaii,15,231222,1345,216
3/5/2022,Hawaii,15,231395,1350,173
3/6/2022,Hawaii,15,231572,1351,177
3/7/2022,Hawaii,15,231659,1351,87
3/8/2022,Hawaii,15,231722,1351,63
3/9/2022,Hawaii,15,231844,1351,122
3/10/2022,Hawaii,15,231844,1351,0
3/11/2022,Hawaii,15,231844,1351,0
3/12/2022,Hawaii,15,231844,1351,0
3/13/2022,Hawaii,15,231844,1351,0
3/14/2022,Hawaii,15,231844,1351,0
3/15/2022,Hawaii,15,231844,1351,0
3/16/2022,Hawaii,15,232845,1365,1001
3/17/2022,Hawaii,15,232845,1365,0
3/18/2022,Hawaii,15,232845,1365,0
3/19/2022,Hawaii,15,232845,1365,0
3/20/2022,Hawaii,15,232845,1365,0
3/21/2022,Hawaii,15,232845,1365,0
3/22/2022,Hawaii,15,232845,1365,0
3/23/2022,Hawaii,15,233569,1370,724
3/24/2022,Hawaii,15,233569,1370,0
3/25/2022,Hawaii,15,233569,1370,0
3/26/2022,Hawaii,15,233569,1370,0
3/27/2022,Hawaii,15,233569,1370,0
3/28/2022,Hawaii,15,233569,1370,0
3/29/2022,Hawaii,15,233569,1370,0
3/30/2022,Hawaii,15,234659,1376,1090
3/31/2022,Hawaii,15,234659,1376,0
4/1/2022,Hawaii,15,234659,1376,0
4/2/2022,Hawaii,15,234659,1376,0
4/3/2022,Hawaii,15,234659,1376,0
4/4/2022,Hawaii,15,234659,1376,0
4/5/2022,Hawaii,15,234659,1376,0
4/6/2022,Hawaii,15,235797,1379,1138
4/7/2022,Hawaii,15,235797,1379,0
4/8/2022,Hawaii,15,235797,1379,0
4/9/2022,Hawaii,15,235797,1379,0
4/10/2022,Hawaii,15,235797,1379,0
4/11/2022,Hawaii,15,235797,1379,0
4/12/2022,Hawaii,15,235797,1379,0
4/13/2022,Hawaii,15,237097,1387,1300
4/14/2022,Hawaii,15,237097,1387,0
4/15/2022,Hawaii,15,237097,1387,0
4/16/2022,Hawaii,15,237097,1387,0
4/17/2022,Hawaii,15,237097,1387,0
4/18/2022,Hawaii,15,237097,1387,0
4/19/2022,Hawaii,15,237097,1387,0
4/20/2022,Hawaii,15,238763,1404,1666
4/21/2022,Hawaii,15,238763,1404,0
4/22/2022,Hawaii,15,238763,1404,0
4/23/2022,Hawaii,15,238763,1404,0
4/24/2022,Hawaii,15,238763,1404,0
4/25/2022,Hawaii,15,238763,1404,0
4/26/2022,Hawaii,15,238763,1404,0
4/27/2022,Hawaii,15,241955,1415,3192
4/28/2022,Hawaii,15,241955,1415,0
4/29/2022,Hawaii,15,241955,1415,0
4/30/2022,Hawaii,15,241955,1415,0
5/1/2022,Hawaii,15,241955,1415,0
5/2/2022,Hawaii,15,241955,1415,0
5/3/2022,Hawaii,15,241955,1415,0
5/4/2022,Hawaii,15,246110,1425,4155
5/5/2022,Hawaii,15,246110,1425,0
5/6/2022,Hawaii,15,246110,1425,0
5/7/2022,Hawaii,15,246110,1425,0
5/8/2022,Hawaii,15,246110,1425,0
5/9/2022,Hawaii,15,246110,1425,0
5/10/2022,Hawaii,15,246110,1425,0
5/11/2022,Hawaii,15,251759,1431,5649
5/12/2022,Hawaii,15,251759,1431,0
5/13/2022,Hawaii,15,251759,1431,0
5/14/2022,Hawaii,15,251759,1431,0
5/15/2022,Hawaii,15,251759,1431,0
5/16/2022,Hawaii,15,251759,1431,0
5/17/2022,Hawaii,15,251759,1431,0
5/18/2022,Hawaii,15,258781,1443,7022
5/19/2022,Hawaii,15,258781,1443,0
5/20/2022,Hawaii,15,258781,1443,0
5/21/2022,Hawaii,15,258781,1443,0
5/22/2022,Hawaii,15,258781,1443,0
5/23/2022,Hawaii,15,258781,1443,0
5/24/2022,Hawaii,15,258781,1443,0
5/25/2022,Hawaii,15,267602,1448,8821
5/26/2022,Hawaii,15,267602,1448,0
5/27/2022,Hawaii,15,267602,1448,0
5/28/2022,Hawaii,15,267602,1448,0
5/29/2022,Hawaii,15,267602,1448,0
5/30/2022,Hawaii,15,267602,1448,0
5/31/2022,Hawaii,15,267602,1448,0
6/1/2022,Hawaii,15,275631,1454,8029
6/2/2022,Hawaii,15,275631,1454,0
6/3/2022,Hawaii,15,275631,1454,0
6/4/2022,Hawaii,15,275631,1454,0
6/5/2022,Hawaii,15,275631,1454,0
6/6/2022,Hawaii,15,275631,1454,0
6/7/2022,Hawaii,15,275631,1454,0
6/8/2022,Hawaii,15,283574,1462,7943
6/9/2022,Hawaii,15,283574,1462,0
6/10/2022,Hawaii,15,283574,1462,0
6/11/2022,Hawaii,15,283574,1462,0
6/12/2022,Hawaii,15,283574,1462,0
6/13/2022,Hawaii,15,283574,1462,0
6/14/2022,Hawaii,15,283574,1462,0
6/15/2022,Hawaii,15,290652,1471,7078
6/16/2022,Hawaii,15,290652,1471,0
6/17/2022,Hawaii,15,290652,1471,0
6/18/2022,Hawaii,15,290652,1471,0
6/19/2022,Hawaii,15,290652,1471,0
6/20/2022,Hawaii,15,290652,1471,0
6/21/2022,Hawaii,15,290652,1471,0
6/22/2022,Hawaii,15,296007,1486,5355
6/23/2022,Hawaii,15,296007,1486,0
6/24/2022,Hawaii,15,296007,1486,0
6/25/2022,Hawaii,15,296007,1486,0
6/26/2022,Hawaii,15,296007,1486,0
6/27/2022,Hawaii,15,296007,1486,0
6/28/2022,Hawaii,15,296007,1486,0
6/29/2022,Hawaii,15,301246,1501,5239
6/30/2022,Hawaii,15,301246,1501,0
7/1/2022,Hawaii,15,301246,1501,0
7/2/2022,Hawaii,15,301246,1501,0
7/3/2022,Hawaii,15,301246,1501,0
7/4/2022,Hawaii,15,301246,1501,0
7/5/2022,Hawaii,15,301246,1501,0
7/6/2022,Hawaii,15,305348,1521,4102
7/7/2022,Hawaii,15,305348,1521,0
7/8/2022,Hawaii,15,305348,1521,0
7/9/2022,Hawaii,15,305348,1521,0
7/10/2022,Hawaii,15,305348,1521,0
7/11/2022,Hawaii,15,305348,1521,0
7/12/2022,Hawaii,15,305348,1521,0
7/13/2022,Hawaii,15,309561,1532,4213
7/14/2022,Hawaii,15,309561,1532,0
7/15/2022,Hawaii,15,309561,1532,0
